classificacao,nome_cientifico,nome_comum,cultura
Insetos,Acanthoscelides obtectus,"['Caruncho-do-feijão', 'Gorgulho-do-feijão']","[{'nome': 'Amendoim', 'url_agrofit': 'https://agrofit.agricultura.gov.br/agrofit_cons/!ap_praga_detalhe_cons?p_id_cultura_praga=7878'}, {'nome': 'Todas as culturas', 'url_agrofit': 'https://agrofit.agricultura.gov.br/agrofit_cons/!ap_praga_detalhe_cons?p_id_cultura_praga=6273'}, {'nome': 'Feijão', 'url_agrofit': 'https://agrofit.agricultura.gov.br/agrofit_cons/!ap_praga_detalhe_cons?p_id_cultura_praga=2934'}, {'nome': 'Grão-de-bico', 'url_agrofit': 'https://agrofit.agricultura.gov.br/agrofit_cons/!ap_praga_detalhe_cons?p_id_cultura_praga=3368'}]"
Doença,Aceria eriobotryae,['-'],"[{'nome': 'Nêspera', 'url_agrofit': 'https://agrofit.agricultura.gov.br/agrofit_cons/!ap_praga_detalhe_cons?p_id_cultura_praga=8720'}]"
Insetos,Aceria guerreronis,"['Ácaro do coqueiro', 'Ácaro-da-necrose-do-coqueiro', 'Ácaro-do-coqueiro']","[{'nome': 'Macadâmia', 'url_agrofit': 'https://agrofit.agricultura.gov.br/agrofit_cons/!ap_praga_detalhe_cons?p_id_cultura_praga=6122'}, {'nome': 'Pinhão manso', 'url_agrofit': 'https://agrofit.agricultura.gov.br/agrofit_cons/!ap_praga_detalhe_cons?p_id_cultura_praga=6130'}, {'nome': 'Pupunha', 'url_agrofit': 'https://agrofit.agricultura.gov.br/agrofit_cons/!ap_praga_detalhe_cons?p_id_cultura_praga=6132'}, {'nome': 'Coco', 'url_agrofit': 'https://agrofit.agricultura.gov.br/agrofit_cons/!ap_praga_detalhe_cons?p_id_cultura_praga=3126'}, {'nome': 'Castanha-do-pará', 'url_agrofit': 'https://agrofit.agricultura.gov.br/agrofit_cons/!ap_praga_detalhe_cons?p_id_cultura_praga=6111'}, {'nome': 'Açaí', 'url_agrofit': 'https://agrofit.agricultura.gov.br/agrofit_cons/!ap_praga_detalhe_cons?p_id_cultura_praga=6103'}, {'nome': 'Pinhão', 'url_agrofit': 'https://agrofit.agricultura.gov.br/agrofit_cons/!ap_praga_detalhe_cons?p_id_cultura_praga=6379'}, {'nome': 'Dendê', 'url_agrofit': 'https://agrofit.agricultura.gov.br/agrofit_cons/!ap_praga_detalhe_cons?p_id_cultura_praga=6115'}]"
Insetos,Aceria litchii,['acaro-da-lichia'],"[{'nome': 'Lichia', 'url_agrofit': 'https://agrofit.agricultura.gov.br/agrofit_cons/!ap_praga_detalhe_cons?p_id_cultura_praga=6998'}]"
Insetos,Aceria reyesi,['Ácaro'],"[{'nome': 'Cacau', 'url_agrofit': 'https://agrofit.agricultura.gov.br/agrofit_cons/!ap_praga_detalhe_cons?p_id_cultura_praga=8077'}]"
Doença,Acidovorax avenae subsp. avenae,"['Estria-Vermelha', 'Estria vermelho']","[{'nome': 'Cana-de-açúcar', 'url_agrofit': 'https://agrofit.agricultura.gov.br/agrofit_cons/!ap_praga_detalhe_cons?p_id_cultura_praga=6817'}, {'nome': 'Todas as culturas', 'url_agrofit': 'https://agrofit.agricultura.gov.br/agrofit_cons/!ap_praga_detalhe_cons?p_id_cultura_praga=8040'}]"
Doença,Acidovorax avenae subsp. citrulli,"['Mancha-aquosa da melancia', 'Mancha-aquosa', 'Mancha-Aquosa']","[{'nome': 'Melancia', 'url_agrofit': 'https://agrofit.agricultura.gov.br/agrofit_cons/!ap_praga_detalhe_cons?p_id_cultura_praga=5780'}, {'nome': 'Melão', 'url_agrofit': 'https://agrofit.agricultura.gov.br/agrofit_cons/!ap_praga_detalhe_cons?p_id_cultura_praga=5061'}, {'nome': 'Cana-de-açúcar', 'url_agrofit': 'https://agrofit.agricultura.gov.br/agrofit_cons/!ap_praga_detalhe_cons?p_id_cultura_praga=8132'}]"
Doença,Acremonium strictum,"['-', 'Murcha']","[{'nome': 'Milheto', 'url_agrofit': 'https://agrofit.agricultura.gov.br/agrofit_cons/!ap_praga_detalhe_cons?p_id_cultura_praga=8721'}, {'nome': 'Sorgo', 'url_agrofit': 'https://agrofit.agricultura.gov.br/agrofit_cons/!ap_praga_detalhe_cons?p_id_cultura_praga=8723'}, {'nome': 'Milho', 'url_agrofit': 'https://agrofit.agricultura.gov.br/agrofit_cons/!ap_praga_detalhe_cons?p_id_cultura_praga=4402'}]"
Insetos,Acrogonia citrina,['cigarrinha-da-CVC'],"[{'nome': 'Citros', 'url_agrofit': 'https://agrofit.agricultura.gov.br/agrofit_cons/!ap_praga_detalhe_cons?p_id_cultura_praga=4969'}]"
Insetos,Acrogonia gracilis,['Cigarrinha dos citros'],"[{'nome': 'Citros', 'url_agrofit': 'https://agrofit.agricultura.gov.br/agrofit_cons/!ap_praga_detalhe_cons?p_id_cultura_praga=5207'}]"
Insetos,Acrogonia terminalis,['Cigarrinha'],"[{'nome': 'Citros', 'url_agrofit': 'https://agrofit.agricultura.gov.br/agrofit_cons/!ap_praga_detalhe_cons?p_id_cultura_praga=3086'}]"
Insetos,Acromyrmex ambiguus,['Quenquém-preta-brilhante'],"[{'nome': '', 'url_agrofit': 'https://agrofit.agricultura.gov.br/agrofit_cons/!ap_praga_detalhe_cons?p_id_cultura_praga=4796'}]"
Insetos,Acromyrmex aspersus,['Quenquém-rajada'],"[{'nome': '', 'url_agrofit': 'https://agrofit.agricultura.gov.br/agrofit_cons/!ap_praga_detalhe_cons?p_id_cultura_praga=4797'}]"
Insetos,Acromyrmex coronatus,['Quenquém-de-árvore'],"[{'nome': '', 'url_agrofit': 'https://agrofit.agricultura.gov.br/agrofit_cons/!ap_praga_detalhe_cons?p_id_cultura_praga=4798'}]"
Insetos,Acromyrmex crassispinus,"['Formiga Quenquém', 'Formiga Quenquém-de-cisco', 'Quem Quem de cisco']","[{'nome': 'Seringueira', 'url_agrofit': 'https://agrofit.agricultura.gov.br/agrofit_cons/!ap_praga_detalhe_cons?p_id_cultura_praga=6903'}, {'nome': 'Araucária', 'url_agrofit': 'https://agrofit.agricultura.gov.br/agrofit_cons/!ap_praga_detalhe_cons?p_id_cultura_praga=6899'}, {'nome': 'Acácia', 'url_agrofit': 'https://agrofit.agricultura.gov.br/agrofit_cons/!ap_praga_detalhe_cons?p_id_cultura_praga=6898'}, {'nome': 'Pinus', 'url_agrofit': 'https://agrofit.agricultura.gov.br/agrofit_cons/!ap_praga_detalhe_cons?p_id_cultura_praga=6901'}, {'nome': 'Acácia negra', 'url_agrofit': 'https://agrofit.agricultura.gov.br/agrofit_cons/!ap_praga_detalhe_cons?p_id_cultura_praga=4799'}, {'nome': 'Populus', 'url_agrofit': 'https://agrofit.agricultura.gov.br/agrofit_cons/!ap_praga_detalhe_cons?p_id_cultura_praga=6902'}, {'nome': 'Todas as culturas', 'url_agrofit': 'https://agrofit.agricultura.gov.br/agrofit_cons/!ap_praga_detalhe_cons?p_id_cultura_praga=7871'}, {'nome': 'Paricá', 'url_agrofit': 'https://agrofit.agricultura.gov.br/agrofit_cons/!ap_praga_detalhe_cons?p_id_cultura_praga=6900'}, {'nome': 'Teca', 'url_agrofit': 'https://agrofit.agricultura.gov.br/agrofit_cons/!ap_praga_detalhe_cons?p_id_cultura_praga=6904'}, {'nome': 'Eucalipto', 'url_agrofit': 'https://agrofit.agricultura.gov.br/agrofit_cons/!ap_praga_detalhe_cons?p_id_cultura_praga=6385'}]"
Insetos,Acromyrmex disciger,"['Formiga-carregadeira', 'Quenquém-mirim']","[{'nome': '', 'url_agrofit': 'https://agrofit.agricultura.gov.br/agrofit_cons/!ap_praga_detalhe_cons?p_id_cultura_praga=4800'}]"
Insetos,Acromyrmex heyeri,"['Formiga-de-monte-vermelha', 'Formiga-mineira', 'Quem Quem']","[{'nome': '', 'url_agrofit': 'https://agrofit.agricultura.gov.br/agrofit_cons/!ap_praga_detalhe_cons?p_id_cultura_praga=4801'}, {'nome': 'Todas as culturas', 'url_agrofit': 'https://agrofit.agricultura.gov.br/agrofit_cons/!ap_praga_detalhe_cons?p_id_cultura_praga=7968'}]"
Insetos,Acromyrmex hispidus fallax,['Formiga-mineira'],"[{'nome': '', 'url_agrofit': 'https://agrofit.agricultura.gov.br/agrofit_cons/!ap_praga_detalhe_cons?p_id_cultura_praga=4792'}]"
Insetos,Acromyrmex hispidus formosus,['Formiga-mineira'],"[{'nome': '', 'url_agrofit': 'https://agrofit.agricultura.gov.br/agrofit_cons/!ap_praga_detalhe_cons?p_id_cultura_praga=4793'}]"
Insetos,Acromyrmex landolti balzani,"['Formiga-meia-lua', 'Formiga-rapa-rapa']","[{'nome': '', 'url_agrofit': 'https://agrofit.agricultura.gov.br/agrofit_cons/!ap_praga_detalhe_cons?p_id_cultura_praga=4794'}]"
Insetos,Acromyrmex landolti fracticornis,"['Formiga-meia-lua', 'Formiga-rapa-rapa']","[{'nome': '', 'url_agrofit': 'https://agrofit.agricultura.gov.br/agrofit_cons/!ap_praga_detalhe_cons?p_id_cultura_praga=4795'}]"
Insetos,Acromyrmex landolti landolti,"['Formiga-rapa-rapa', 'Formiga meia-lua']","[{'nome': 'Não Atrelado a Cultura', 'url_agrofit': 'https://agrofit.agricultura.gov.br/agrofit_cons/!ap_praga_detalhe_cons?p_id_cultura_praga=6829'}, {'nome': '', 'url_agrofit': 'https://agrofit.agricultura.gov.br/agrofit_cons/!ap_praga_detalhe_cons?p_id_cultura_praga=4810'}]"
Insetos,Acromyrmex laticeps laticeps,"['Formiga-mineira', 'Formiga-mineira-vermelha']","[{'nome': '', 'url_agrofit': 'https://agrofit.agricultura.gov.br/agrofit_cons/!ap_praga_detalhe_cons?p_id_cultura_praga=4811'}]"
Insetos,Acromyrmex laticeps nigrosetosus,['Quenquém-campeira'],"[{'nome': '', 'url_agrofit': 'https://agrofit.agricultura.gov.br/agrofit_cons/!ap_praga_detalhe_cons?p_id_cultura_praga=4812'}]"
Insetos,Acromyrmex lobicornis,"['Formiga-de-monte-preta', 'Quenquém-de-monte-preta']","[{'nome': '', 'url_agrofit': 'https://agrofit.agricultura.gov.br/agrofit_cons/!ap_praga_detalhe_cons?p_id_cultura_praga=4813'}]"
Insetos,Acromyrmex lundi carli,"['Formiga-mineira-preta', 'Quenquém-mineira-preta']","[{'nome': '', 'url_agrofit': 'https://agrofit.agricultura.gov.br/agrofit_cons/!ap_praga_detalhe_cons?p_id_cultura_praga=4814'}]"
Insetos,Acromyrmex lundi lundi,"['Formiga-mineira-preta', 'Quenquém-mineira-preta', 'Quem Quem']","[{'nome': '', 'url_agrofit': 'https://agrofit.agricultura.gov.br/agrofit_cons/!ap_praga_detalhe_cons?p_id_cultura_praga=4815'}, {'nome': 'Todas as culturas', 'url_agrofit': 'https://agrofit.agricultura.gov.br/agrofit_cons/!ap_praga_detalhe_cons?p_id_cultura_praga=7969'}]"
Insetos,Acromyrmex lundi pubescens,"['Formiga-mineira-preta', 'Quenquém-mineira-preta']","[{'nome': '', 'url_agrofit': 'https://agrofit.agricultura.gov.br/agrofit_cons/!ap_praga_detalhe_cons?p_id_cultura_praga=4816'}]"
Insetos,Acromyrmex muticinodus,['Formiga-mineira'],"[{'nome': '', 'url_agrofit': 'https://agrofit.agricultura.gov.br/agrofit_cons/!ap_praga_detalhe_cons?p_id_cultura_praga=4802'}]"
Insetos,Acromyrmex niger,"['Quenquém-mineira', 'Quenquém-mineira-de-duas-cores']","[{'nome': '', 'url_agrofit': 'https://agrofit.agricultura.gov.br/agrofit_cons/!ap_praga_detalhe_cons?p_id_cultura_praga=4803'}]"
Insetos,Acromyrmex octospinosus,"['Carieira', 'Quenquém-mineira-da-Amazônia']","[{'nome': '', 'url_agrofit': 'https://agrofit.agricultura.gov.br/agrofit_cons/!ap_praga_detalhe_cons?p_id_cultura_praga=4804'}]"
Insetos,Acromyrmex rugosus rochai,"['Formiga-lavadeira', 'Formiga-quiçaçá']","[{'nome': '', 'url_agrofit': 'https://agrofit.agricultura.gov.br/agrofit_cons/!ap_praga_detalhe_cons?p_id_cultura_praga=4805'}]"
Insetos,Acromyrmex rugosus rugosus,"['Formiga cortadeira', 'Formiga-lavadeira']","[{'nome': 'Todas as culturas', 'url_agrofit': 'https://agrofit.agricultura.gov.br/agrofit_cons/!ap_praga_detalhe_cons?p_id_cultura_praga=7621'}, {'nome': '', 'url_agrofit': 'https://agrofit.agricultura.gov.br/agrofit_cons/!ap_praga_detalhe_cons?p_id_cultura_praga=4806'}]"
Insetos,Acromyrmex spp.,"['Formiga-rapa-rapa', 'Quenquém']","[{'nome': '', 'url_agrofit': 'https://agrofit.agricultura.gov.br/agrofit_cons/!ap_praga_detalhe_cons?p_id_cultura_praga=4807'}]"
Insetos,Acromyrmex striatus,"['Formiga-de-eira', 'Formiga-de-rodeio']","[{'nome': '', 'url_agrofit': 'https://agrofit.agricultura.gov.br/agrofit_cons/!ap_praga_detalhe_cons?p_id_cultura_praga=4808'}]"
Insetos,Acromyrmex subterraneus,"['Formiga caiapó', 'Formiga']","[{'nome': '', 'url_agrofit': 'https://agrofit.agricultura.gov.br/agrofit_cons/!ap_praga_detalhe_cons?p_id_cultura_praga=7620'}, {'nome': 'Todas as culturas', 'url_agrofit': 'https://agrofit.agricultura.gov.br/agrofit_cons/!ap_praga_detalhe_cons?p_id_cultura_praga=7624'}]"
Insetos,Acromyrmex subterraneus bruneus,['Quenquém-de-cisco-graúda'],"[{'nome': '', 'url_agrofit': 'https://agrofit.agricultura.gov.br/agrofit_cons/!ap_praga_detalhe_cons?p_id_cultura_praga=4809'}]"
Insetos,Acromyrmex subterraneus molestans,['Formiga-caiapó-capixaba'],"[{'nome': '', 'url_agrofit': 'https://agrofit.agricultura.gov.br/agrofit_cons/!ap_praga_detalhe_cons?p_id_cultura_praga=4825'}]"
Insetos,Acromyrmex subterraneus subterraneus,['Formiga-caiapó'],"[{'nome': '', 'url_agrofit': 'https://agrofit.agricultura.gov.br/agrofit_cons/!ap_praga_detalhe_cons?p_id_cultura_praga=4826'}]"
Insetos,Aculops lycopersici,"['Ácaro-bronzeado', 'Ácaro-do-bronzeamento']","[{'nome': 'Tomate', 'url_agrofit': 'https://agrofit.agricultura.gov.br/agrofit_cons/!ap_praga_detalhe_cons?p_id_cultura_praga=3717'}, {'nome': 'Berinjela', 'url_agrofit': 'https://agrofit.agricultura.gov.br/agrofit_cons/!ap_praga_detalhe_cons?p_id_cultura_praga=2720'}, {'nome': 'Pimentão', 'url_agrofit': 'https://agrofit.agricultura.gov.br/agrofit_cons/!ap_praga_detalhe_cons?p_id_cultura_praga=3647'}]"
Insetos,Aculus cornutus,['Ácaro-prateado'],"[{'nome': 'Maçã', 'url_agrofit': 'https://agrofit.agricultura.gov.br/agrofit_cons/!ap_praga_detalhe_cons?p_id_cultura_praga=3193'}, {'nome': 'Pessego', 'url_agrofit': 'https://agrofit.agricultura.gov.br/agrofit_cons/!ap_praga_detalhe_cons?p_id_cultura_praga=3434'}, {'nome': 'Pera', 'url_agrofit': 'https://agrofit.agricultura.gov.br/agrofit_cons/!ap_praga_detalhe_cons?p_id_cultura_praga=3548'}]"
Insetos,Acutaspis scutiformis,['Cochonilha'],"[{'nome': 'Citros', 'url_agrofit': 'https://agrofit.agricultura.gov.br/agrofit_cons/!ap_praga_detalhe_cons?p_id_cultura_praga=3102'}]"
Insetos,Acyrthosiphon pisum,"['piolho-da-ervilha', 'pulgão-da-ervilha']","[{'nome': 'Lentilha', 'url_agrofit': 'https://agrofit.agricultura.gov.br/agrofit_cons/!ap_praga_detalhe_cons?p_id_cultura_praga=7257'}, {'nome': 'Ervilha', 'url_agrofit': 'https://agrofit.agricultura.gov.br/agrofit_cons/!ap_praga_detalhe_cons?p_id_cultura_praga=7243'}]"
Insetos,Aegomorphus jaspideus,['Besouro-serra-pau'],"[{'nome': 'Noz-pecã', 'url_agrofit': 'https://agrofit.agricultura.gov.br/agrofit_cons/!ap_praga_detalhe_cons?p_id_cultura_praga=8697'}]"
Insetos,Aeneolamia selecta,['Cigarrinha'],"[{'nome': 'Pastagens', 'url_agrofit': 'https://agrofit.agricultura.gov.br/agrofit_cons/!ap_praga_detalhe_cons?p_id_cultura_praga=3415'}]"
Insetos,Aethalion reticulatum,"['Cigarrinha-das-frutíferas', 'Cigarrinha-do-pedúnculo', 'cigarrinha do pedúnculo']","[{'nome': 'Abacate', 'url_agrofit': 'https://agrofit.agricultura.gov.br/agrofit_cons/!ap_praga_detalhe_cons?p_id_cultura_praga=2442'}, {'nome': 'Manga', 'url_agrofit': 'https://agrofit.agricultura.gov.br/agrofit_cons/!ap_praga_detalhe_cons?p_id_cultura_praga=3008'}, {'nome': 'Uva', 'url_agrofit': 'https://agrofit.agricultura.gov.br/agrofit_cons/!ap_praga_detalhe_cons?p_id_cultura_praga=8136'}, {'nome': 'Caju', 'url_agrofit': 'https://agrofit.agricultura.gov.br/agrofit_cons/!ap_praga_detalhe_cons?p_id_cultura_praga=2779'}, {'nome': 'Rosa', 'url_agrofit': 'https://agrofit.agricultura.gov.br/agrofit_cons/!ap_praga_detalhe_cons?p_id_cultura_praga=3497'}, {'nome': 'Graviola', 'url_agrofit': 'https://agrofit.agricultura.gov.br/agrofit_cons/!ap_praga_detalhe_cons?p_id_cultura_praga=3369'}, {'nome': 'Cacau', 'url_agrofit': 'https://agrofit.agricultura.gov.br/agrofit_cons/!ap_praga_detalhe_cons?p_id_cultura_praga=2727'}, {'nome': 'Figo', 'url_agrofit': 'https://agrofit.agricultura.gov.br/agrofit_cons/!ap_praga_detalhe_cons?p_id_cultura_praga=2945'}, {'nome': 'Café', 'url_agrofit': 'https://agrofit.agricultura.gov.br/agrofit_cons/!ap_praga_detalhe_cons?p_id_cultura_praga=2730'}, {'nome': 'Citros', 'url_agrofit': 'https://agrofit.agricultura.gov.br/agrofit_cons/!ap_praga_detalhe_cons?p_id_cultura_praga=2893'}]"
Insetos,Agallia albidula,['Cigarrinha'],"[{'nome': 'Tomate', 'url_agrofit': 'https://agrofit.agricultura.gov.br/agrofit_cons/!ap_praga_detalhe_cons?p_id_cultura_praga=3710'}]"
Insetos,Agraulis vanillae vanillae,"['Lagarta-das-folhas', 'Lagarta-do-maracujazeiro']","[{'nome': 'Maracujá', 'url_agrofit': 'https://agrofit.agricultura.gov.br/agrofit_cons/!ap_praga_detalhe_cons?p_id_cultura_praga=3249'}]"
Doença,Agrobacterium tumefaciens,['Galha-da-coroa-e-raiz'],"[{'nome': 'Crisântemo', 'url_agrofit': 'https://agrofit.agricultura.gov.br/agrofit_cons/!ap_praga_detalhe_cons?p_id_cultura_praga=4228'}, {'nome': 'Pessego', 'url_agrofit': 'https://agrofit.agricultura.gov.br/agrofit_cons/!ap_praga_detalhe_cons?p_id_cultura_praga=4653'}, {'nome': 'Maçã', 'url_agrofit': 'https://agrofit.agricultura.gov.br/agrofit_cons/!ap_praga_detalhe_cons?p_id_cultura_praga=4363'}, {'nome': 'Uva', 'url_agrofit': 'https://agrofit.agricultura.gov.br/agrofit_cons/!ap_praga_detalhe_cons?p_id_cultura_praga=4632'}, {'nome': 'Chuchu', 'url_agrofit': 'https://agrofit.agricultura.gov.br/agrofit_cons/!ap_praga_detalhe_cons?p_id_cultura_praga=4149'}, {'nome': 'Rosa', 'url_agrofit': 'https://agrofit.agricultura.gov.br/agrofit_cons/!ap_praga_detalhe_cons?p_id_cultura_praga=4610'}, {'nome': 'Caqui', 'url_agrofit': 'https://agrofit.agricultura.gov.br/agrofit_cons/!ap_praga_detalhe_cons?p_id_cultura_praga=4085'}]"
Insetos,Agrotis ipsilon,"['Lagarta-rosca', 'Lagarta Rosca', 'Lagarta - rosca', 'Lagarta rosca', 'lagarta rosca', 'LAgarta Rosca']","[{'nome': 'Melancia', 'url_agrofit': 'https://agrofit.agricultura.gov.br/agrofit_cons/!ap_praga_detalhe_cons?p_id_cultura_praga=3244'}, {'nome': 'Arroz irrigado', 'url_agrofit': 'https://agrofit.agricultura.gov.br/agrofit_cons/!ap_praga_detalhe_cons?p_id_cultura_praga=2573'}, {'nome': 'Pepino', 'url_agrofit': 'https://agrofit.agricultura.gov.br/agrofit_cons/!ap_praga_detalhe_cons?p_id_cultura_praga=3241'}, {'nome': 'Jiló', 'url_agrofit': 'https://agrofit.agricultura.gov.br/agrofit_cons/!ap_praga_detalhe_cons?p_id_cultura_praga=3189'}, {'nome': 'Soja', 'url_agrofit': 'https://agrofit.agricultura.gov.br/agrofit_cons/!ap_praga_detalhe_cons?p_id_cultura_praga=3414'}, {'nome': 'Agrião', 'url_agrofit': 'https://agrofit.agricultura.gov.br/agrofit_cons/!ap_praga_detalhe_cons?p_id_cultura_praga=5328'}, {'nome': 'Rabanete', 'url_agrofit': 'https://agrofit.agricultura.gov.br/agrofit_cons/!ap_praga_detalhe_cons?p_id_cultura_praga=6053'}, {'nome': 'Beterraba', 'url_agrofit': 'https://agrofit.agricultura.gov.br/agrofit_cons/!ap_praga_detalhe_cons?p_id_cultura_praga=2741'}, {'nome': 'Feijão-vagem', 'url_agrofit': 'https://agrofit.agricultura.gov.br/agrofit_cons/!ap_praga_detalhe_cons?p_id_cultura_praga=3090'}, {'nome': 'Cevada', 'url_agrofit': 'https://agrofit.agricultura.gov.br/agrofit_cons/!ap_praga_detalhe_cons?p_id_cultura_praga=2831'}, {'nome': 'Cebola', 'url_agrofit': 'https://agrofit.agricultura.gov.br/agrofit_cons/!ap_praga_detalhe_cons?p_id_cultura_praga=2819'}, {'nome': 'Ervilha', 'url_agrofit': 'https://agrofit.agricultura.gov.br/agrofit_cons/!ap_praga_detalhe_cons?p_id_cultura_praga=3070'}, {'nome': 'Couve-chinesa', 'url_agrofit': 'https://agrofit.agricultura.gov.br/agrofit_cons/!ap_praga_detalhe_cons?p_id_cultura_praga=5339'}, {'nome': 'Melão', 'url_agrofit': 'https://agrofit.agricultura.gov.br/agrofit_cons/!ap_praga_detalhe_cons?p_id_cultura_praga=3219'}, {'nome': 'Grão-de-bico', 'url_agrofit': 'https://agrofit.agricultura.gov.br/agrofit_cons/!ap_praga_detalhe_cons?p_id_cultura_praga=7107'}, {'nome': 'Batata yacon', 'url_agrofit': 'https://agrofit.agricultura.gov.br/agrofit_cons/!ap_praga_detalhe_cons?p_id_cultura_praga=6050'}, {'nome': 'Nabo', 'url_agrofit': 'https://agrofit.agricultura.gov.br/agrofit_cons/!ap_praga_detalhe_cons?p_id_cultura_praga=6083'}, {'nome': 'Centeio', 'url_agrofit': 'https://agrofit.agricultura.gov.br/agrofit_cons/!ap_praga_detalhe_cons?p_id_cultura_praga=7543'}, {'nome': 'Abóbora', 'url_agrofit': 'https://agrofit.agricultura.gov.br/agrofit_cons/!ap_praga_detalhe_cons?p_id_cultura_praga=2423'}, {'nome': 'Sorgo', 'url_agrofit': 'https://agrofit.agricultura.gov.br/agrofit_cons/!ap_praga_detalhe_cons?p_id_cultura_praga=7540'}, {'nome': 'Duboisia', 'url_agrofit': 'https://agrofit.agricultura.gov.br/agrofit_cons/!ap_praga_detalhe_cons?p_id_cultura_praga=7519'}, {'nome': 'Almeirão', 'url_agrofit': 'https://agrofit.agricultura.gov.br/agrofit_cons/!ap_praga_detalhe_cons?p_id_cultura_praga=8385'}, {'nome': 'Cenoura', 'url_agrofit': 'https://agrofit.agricultura.gov.br/agrofit_cons/!ap_praga_detalhe_cons?p_id_cultura_praga=2868'}, {'nome': 'Aveia', 'url_agrofit': 'https://agrofit.agricultura.gov.br/agrofit_cons/!ap_praga_detalhe_cons?p_id_cultura_praga=2647'}, {'nome': 'Couve', 'url_agrofit': 'https://agrofit.agricultura.gov.br/agrofit_cons/!ap_praga_detalhe_cons?p_id_cultura_praga=2990'}, {'nome': 'Amendoim', 'url_agrofit': 'https://agrofit.agricultura.gov.br/agrofit_cons/!ap_praga_detalhe_cons?p_id_cultura_praga=2557'}, {'nome': 'Feijão', 'url_agrofit': 'https://agrofit.agricultura.gov.br/agrofit_cons/!ap_praga_detalhe_cons?p_id_cultura_praga=2984'}, {'nome': 'Arroz', 'url_agrofit': 'https://agrofit.agricultura.gov.br/agrofit_cons/!ap_praga_detalhe_cons?p_id_cultura_praga=2588'}, {'nome': 'Rúcula', 'url_agrofit': 'https://agrofit.agricultura.gov.br/agrofit_cons/!ap_praga_detalhe_cons?p_id_cultura_praga=5343'}, {'nome': 'Milho', 'url_agrofit': 'https://agrofit.agricultura.gov.br/agrofit_cons/!ap_praga_detalhe_cons?p_id_cultura_praga=3390'}, {'nome': 'Tomate', 'url_agrofit': 'https://agrofit.agricultura.gov.br/agrofit_cons/!ap_praga_detalhe_cons?p_id_cultura_praga=3722'}, {'nome': 'Pimentão', 'url_agrofit': 'https://agrofit.agricultura.gov.br/agrofit_cons/!ap_praga_detalhe_cons?p_id_cultura_praga=3648'}, {'nome': 'Gengibre', 'url_agrofit': 'https://agrofit.agricultura.gov.br/agrofit_cons/!ap_praga_detalhe_cons?p_id_cultura_praga=5791'}, {'nome': 'Estévia', 'url_agrofit': 'https://agrofit.agricultura.gov.br/agrofit_cons/!ap_praga_detalhe_cons?p_id_cultura_praga=7365'}, {'nome': 'Acelga', 'url_agrofit': 'https://agrofit.agricultura.gov.br/agrofit_cons/!ap_praga_detalhe_cons?p_id_cultura_praga=5329'}, {'nome': 'Feijão-caupi', 'url_agrofit': 'https://agrofit.agricultura.gov.br/agrofit_cons/!ap_praga_detalhe_cons?p_id_cultura_praga=7266'}, {'nome': 'Algodão', 'url_agrofit': 'https://agrofit.agricultura.gov.br/agrofit_cons/!ap_praga_detalhe_cons?p_id_cultura_praga=2506'}, {'nome': 'Maxixe', 'url_agrofit': 'https://agrofit.agricultura.gov.br/agrofit_cons/!ap_praga_detalhe_cons?p_id_cultura_praga=6075'}, {'nome': 'Alho', 'url_agrofit': 'https://agrofit.agricultura.gov.br/agrofit_cons/!ap_praga_detalhe_cons?p_id_cultura_praga=2538'}, {'nome': 'Batata', 'url_agrofit': 'https://agrofit.agricultura.gov.br/agrofit_cons/!ap_praga_detalhe_cons?p_id_cultura_praga=2679'}, {'nome': 'Brócolis', 'url_agrofit': 'https://agrofit.agricultura.gov.br/agrofit_cons/!ap_praga_detalhe_cons?p_id_cultura_praga=2746'}, {'nome': 'Cravo', 'url_agrofit': 'https://agrofit.agricultura.gov.br/agrofit_cons/!ap_praga_detalhe_cons?p_id_cultura_praga=3111'}, {'nome': 'Berinjela', 'url_agrofit': 'https://agrofit.agricultura.gov.br/agrofit_cons/!ap_praga_detalhe_cons?p_id_cultura_praga=2689'}, {'nome': 'Fumo', 'url_agrofit': 'https://agrofit.agricultura.gov.br/agrofit_cons/!ap_praga_detalhe_cons?p_id_cultura_praga=3353'}, {'nome': 'Trigo', 'url_agrofit': 'https://agrofit.agricultura.gov.br/agrofit_cons/!ap_praga_detalhe_cons?p_id_cultura_praga=3597'}, {'nome': 'Milheto', 'url_agrofit': 'https://agrofit.agricultura.gov.br/agrofit_cons/!ap_praga_detalhe_cons?p_id_cultura_praga=6454'}, {'nome': 'Girassol', 'url_agrofit': 'https://agrofit.agricultura.gov.br/agrofit_cons/!ap_praga_detalhe_cons?p_id_cultura_praga=5704'}, {'nome': 'Crisântemo', 'url_agrofit': 'https://agrofit.agricultura.gov.br/agrofit_cons/!ap_praga_detalhe_cons?p_id_cultura_praga=2920'}, {'nome': 'Pimenta', 'url_agrofit': 'https://agrofit.agricultura.gov.br/agrofit_cons/!ap_praga_detalhe_cons?p_id_cultura_praga=3483'}, {'nome': 'Repolho', 'url_agrofit': 'https://agrofit.agricultura.gov.br/agrofit_cons/!ap_praga_detalhe_cons?p_id_cultura_praga=3329'}, {'nome': 'Quiabo', 'url_agrofit': 'https://agrofit.agricultura.gov.br/agrofit_cons/!ap_praga_detalhe_cons?p_id_cultura_praga=6094'}, {'nome': 'Mandioquinha-salsa', 'url_agrofit': 'https://agrofit.agricultura.gov.br/agrofit_cons/!ap_praga_detalhe_cons?p_id_cultura_praga=6073'}, {'nome': 'Couve-de-bruxelas', 'url_agrofit': 'https://agrofit.agricultura.gov.br/agrofit_cons/!ap_praga_detalhe_cons?p_id_cultura_praga=5332'}, {'nome': 'Triticale', 'url_agrofit': 'https://agrofit.agricultura.gov.br/agrofit_cons/!ap_praga_detalhe_cons?p_id_cultura_praga=7546'}, {'nome': 'Alface', 'url_agrofit': 'https://agrofit.agricultura.gov.br/agrofit_cons/!ap_praga_detalhe_cons?p_id_cultura_praga=2435'}, {'nome': 'Chalota', 'url_agrofit': 'https://agrofit.agricultura.gov.br/agrofit_cons/!ap_praga_detalhe_cons?p_id_cultura_praga=6066'}, {'nome': 'Chicória', 'url_agrofit': 'https://agrofit.agricultura.gov.br/agrofit_cons/!ap_praga_detalhe_cons?p_id_cultura_praga=3069'}, {'nome': 'Espinafre', 'url_agrofit': 'https://agrofit.agricultura.gov.br/agrofit_cons/!ap_praga_detalhe_cons?p_id_cultura_praga=3089'}, {'nome': 'Couve-flor', 'url_agrofit': 'https://agrofit.agricultura.gov.br/agrofit_cons/!ap_praga_detalhe_cons?p_id_cultura_praga=3023'}, {'nome': 'Mamão', 'url_agrofit': 'https://agrofit.agricultura.gov.br/agrofit_cons/!ap_praga_detalhe_cons?p_id_cultura_praga=3182'}, {'nome': 'Abobrinha', 'url_agrofit': 'https://agrofit.agricultura.gov.br/agrofit_cons/!ap_praga_detalhe_cons?p_id_cultura_praga=2420'}, {'nome': 'Chuchu', 'url_agrofit': 'https://agrofit.agricultura.gov.br/agrofit_cons/!ap_praga_detalhe_cons?p_id_cultura_praga=2966'}]"
Insetos,Agrotis subterranea,['Lagarta'],"[{'nome': 'Nabo', 'url_agrofit': 'https://agrofit.agricultura.gov.br/agrofit_cons/!ap_praga_detalhe_cons?p_id_cultura_praga=5881'}]"
Insetos,Alabama argillacea,"['Curuquerê', 'Curuquerê-do-algodoeiro']","[{'nome': 'Todas as culturas', 'url_agrofit': 'https://agrofit.agricultura.gov.br/agrofit_cons/!ap_praga_detalhe_cons?p_id_cultura_praga=6279'}, {'nome': 'Algodão', 'url_agrofit': 'https://agrofit.agricultura.gov.br/agrofit_cons/!ap_praga_detalhe_cons?p_id_cultura_praga=2507'}]"
Doença,Albugo candida,['Ferrugem-branca'],"[{'nome': 'Rabanete', 'url_agrofit': 'https://agrofit.agricultura.gov.br/agrofit_cons/!ap_praga_detalhe_cons?p_id_cultura_praga=4508'}, {'nome': 'Mostarda', 'url_agrofit': 'https://agrofit.agricultura.gov.br/agrofit_cons/!ap_praga_detalhe_cons?p_id_cultura_praga=4394'}, {'nome': 'Repolho', 'url_agrofit': 'https://agrofit.agricultura.gov.br/agrofit_cons/!ap_praga_detalhe_cons?p_id_cultura_praga=4547'}, {'nome': 'Nabo', 'url_agrofit': 'https://agrofit.agricultura.gov.br/agrofit_cons/!ap_praga_detalhe_cons?p_id_cultura_praga=4571'}, {'nome': 'Couve-flor', 'url_agrofit': 'https://agrofit.agricultura.gov.br/agrofit_cons/!ap_praga_detalhe_cons?p_id_cultura_praga=4216'}, {'nome': 'Couve', 'url_agrofit': 'https://agrofit.agricultura.gov.br/agrofit_cons/!ap_praga_detalhe_cons?p_id_cultura_praga=4253'}, {'nome': 'Brócolis', 'url_agrofit': 'https://agrofit.agricultura.gov.br/agrofit_cons/!ap_praga_detalhe_cons?p_id_cultura_praga=3978'}]"
Doença,Albulgo ipomoeae-panduranae,['Ferrugem-branca'],"[{'nome': 'Batata-doce', 'url_agrofit': 'https://agrofit.agricultura.gov.br/agrofit_cons/!ap_praga_detalhe_cons?p_id_cultura_praga=5834'}]"
Insetos,Aleurocanthus woglumi,"['Mosca-negra-dos-citros', 'Mosca-negra', 'Mosca negra do citros']","[{'nome': 'Citros', 'url_agrofit': 'https://agrofit.agricultura.gov.br/agrofit_cons/!ap_praga_detalhe_cons?p_id_cultura_praga=4974'}, {'nome': 'Cará', 'url_agrofit': 'https://agrofit.agricultura.gov.br/agrofit_cons/!ap_praga_detalhe_cons?p_id_cultura_praga=8224'}, {'nome': 'Gengibre', 'url_agrofit': 'https://agrofit.agricultura.gov.br/agrofit_cons/!ap_praga_detalhe_cons?p_id_cultura_praga=8236'}, {'nome': 'Todas as culturas', 'url_agrofit': 'https://agrofit.agricultura.gov.br/agrofit_cons/!ap_praga_detalhe_cons?p_id_cultura_praga=8128'}, {'nome': 'Mandioca', 'url_agrofit': 'https://agrofit.agricultura.gov.br/agrofit_cons/!ap_praga_detalhe_cons?p_id_cultura_praga=8241'}]"
Insetos,Aleurodicus cocois,"['Mosca-branca', 'Mosca-branca-do-cajueiro']","[{'nome': 'Caju', 'url_agrofit': 'https://agrofit.agricultura.gov.br/agrofit_cons/!ap_praga_detalhe_cons?p_id_cultura_praga=6489'}]"
Insetos,Aleurothrixus floccosus,"['Mosca-branca-dos-citrus', 'Piolho-farinhento']","[{'nome': 'Citros', 'url_agrofit': 'https://agrofit.agricultura.gov.br/agrofit_cons/!ap_praga_detalhe_cons?p_id_cultura_praga=2894'}]"
Insetos,Allocolaspis brunnea,['Vaquinha'],"[{'nome': 'Quiabo', 'url_agrofit': 'https://agrofit.agricultura.gov.br/agrofit_cons/!ap_praga_detalhe_cons?p_id_cultura_praga=3571'}]"
Insetos,Allonychus braziliensis,['Ácaro'],"[{'nome': 'Manga', 'url_agrofit': 'https://agrofit.agricultura.gov.br/agrofit_cons/!ap_praga_detalhe_cons?p_id_cultura_praga=8082'}]"
Insetos,Alphitobius diaperinus,['Cascudinho'],"[{'nome': 'Farelo de soja - Armazenado', 'url_agrofit': 'https://agrofit.agricultura.gov.br/agrofit_cons/!ap_praga_detalhe_cons?p_id_cultura_praga=7887'}, {'nome': 'Soja', 'url_agrofit': 'https://agrofit.agricultura.gov.br/agrofit_cons/!ap_praga_detalhe_cons?p_id_cultura_praga=7886'}]"
Doença,Alternaria alternata,"['Mancha-de-Alternaria', 'mofo-preto', 'fusariose', 'tombamento', 'Pinta-preta', 'Mancha-de-alternaria', 'Alternaria', 'Mancha de alternaria', 'mancha de alternaria', 'Queima das folhas', 'Mofo preto', 'Mancha de Alternaria', 'Mancha-foliar', 'alternaria', 'Queima-das-folhas']","[{'nome': 'Aveia', 'url_agrofit': 'https://agrofit.agricultura.gov.br/agrofit_cons/!ap_praga_detalhe_cons?p_id_cultura_praga=3924'}, {'nome': 'Algodão', 'url_agrofit': 'https://agrofit.agricultura.gov.br/agrofit_cons/!ap_praga_detalhe_cons?p_id_cultura_praga=3822'}, {'nome': 'Trigo', 'url_agrofit': 'https://agrofit.agricultura.gov.br/agrofit_cons/!ap_praga_detalhe_cons?p_id_cultura_praga=4658'}, {'nome': 'Feijão', 'url_agrofit': 'https://agrofit.agricultura.gov.br/agrofit_cons/!ap_praga_detalhe_cons?p_id_cultura_praga=4177'}, {'nome': 'Sorgo', 'url_agrofit': 'https://agrofit.agricultura.gov.br/agrofit_cons/!ap_praga_detalhe_cons?p_id_cultura_praga=4998'}, {'nome': 'Batata yacon', 'url_agrofit': 'https://agrofit.agricultura.gov.br/agrofit_cons/!ap_praga_detalhe_cons?p_id_cultura_praga=5944'}, {'nome': 'Feijão-vagem', 'url_agrofit': 'https://agrofit.agricultura.gov.br/agrofit_cons/!ap_praga_detalhe_cons?p_id_cultura_praga=7826'}, {'nome': 'Manga', 'url_agrofit': 'https://agrofit.agricultura.gov.br/agrofit_cons/!ap_praga_detalhe_cons?p_id_cultura_praga=7966'}, {'nome': 'Abóbora', 'url_agrofit': 'https://agrofit.agricultura.gov.br/agrofit_cons/!ap_praga_detalhe_cons?p_id_cultura_praga=8162'}, {'nome': 'Carambola', 'url_agrofit': 'https://agrofit.agricultura.gov.br/agrofit_cons/!ap_praga_detalhe_cons?p_id_cultura_praga=7815'}, {'nome': 'Feijão-fava', 'url_agrofit': 'https://agrofit.agricultura.gov.br/agrofit_cons/!ap_praga_detalhe_cons?p_id_cultura_praga=7820'}, {'nome': 'Grão-de-bico', 'url_agrofit': 'https://agrofit.agricultura.gov.br/agrofit_cons/!ap_praga_detalhe_cons?p_id_cultura_praga=8168'}, {'nome': 'Todas as culturas', 'url_agrofit': 'https://agrofit.agricultura.gov.br/agrofit_cons/!ap_praga_detalhe_cons?p_id_cultura_praga=8398'}, {'nome': 'Batata-doce', 'url_agrofit': 'https://agrofit.agricultura.gov.br/agrofit_cons/!ap_praga_detalhe_cons?p_id_cultura_praga=6577'}, {'nome': 'Milho', 'url_agrofit': 'https://agrofit.agricultura.gov.br/agrofit_cons/!ap_praga_detalhe_cons?p_id_cultura_praga=5756'}, {'nome': 'Mamão', 'url_agrofit': 'https://agrofit.agricultura.gov.br/agrofit_cons/!ap_praga_detalhe_cons?p_id_cultura_praga=4361'}, {'nome': 'Fumo', 'url_agrofit': 'https://agrofit.agricultura.gov.br/agrofit_cons/!ap_praga_detalhe_cons?p_id_cultura_praga=4379'}, {'nome': 'Cevada', 'url_agrofit': 'https://agrofit.agricultura.gov.br/agrofit_cons/!ap_praga_detalhe_cons?p_id_cultura_praga=4127'}, {'nome': 'Caqui', 'url_agrofit': 'https://agrofit.agricultura.gov.br/agrofit_cons/!ap_praga_detalhe_cons?p_id_cultura_praga=4094'}, {'nome': 'Feijão-mungo', 'url_agrofit': 'https://agrofit.agricultura.gov.br/agrofit_cons/!ap_praga_detalhe_cons?p_id_cultura_praga=7824'}, {'nome': 'Feijões', 'url_agrofit': 'https://agrofit.agricultura.gov.br/agrofit_cons/!ap_praga_detalhe_cons?p_id_cultura_praga=8166'}, {'nome': 'Amendoim', 'url_agrofit': 'https://agrofit.agricultura.gov.br/agrofit_cons/!ap_praga_detalhe_cons?p_id_cultura_praga=7813'}, {'nome': 'Feijão-guandu', 'url_agrofit': 'https://agrofit.agricultura.gov.br/agrofit_cons/!ap_praga_detalhe_cons?p_id_cultura_praga=7822'}, {'nome': 'Crisântemo', 'url_agrofit': 'https://agrofit.agricultura.gov.br/agrofit_cons/!ap_praga_detalhe_cons?p_id_cultura_praga=4260'}, {'nome': 'Manjericão', 'url_agrofit': 'https://agrofit.agricultura.gov.br/agrofit_cons/!ap_praga_detalhe_cons?p_id_cultura_praga=8192'}, {'nome': 'Manjerona', 'url_agrofit': 'https://agrofit.agricultura.gov.br/agrofit_cons/!ap_praga_detalhe_cons?p_id_cultura_praga=8193'}, {'nome': 'Batata', 'url_agrofit': 'https://agrofit.agricultura.gov.br/agrofit_cons/!ap_praga_detalhe_cons?p_id_cultura_praga=8375'}, {'nome': 'Maçã', 'url_agrofit': 'https://agrofit.agricultura.gov.br/agrofit_cons/!ap_praga_detalhe_cons?p_id_cultura_praga=4389'}, {'nome': 'Kiwi', 'url_agrofit': 'https://agrofit.agricultura.gov.br/agrofit_cons/!ap_praga_detalhe_cons?p_id_cultura_praga=5969'}, {'nome': 'Arroz', 'url_agrofit': 'https://agrofit.agricultura.gov.br/agrofit_cons/!ap_praga_detalhe_cons?p_id_cultura_praga=3882'}, {'nome': 'Maracujá', 'url_agrofit': 'https://agrofit.agricultura.gov.br/agrofit_cons/!ap_praga_detalhe_cons?p_id_cultura_praga=4458'}, {'nome': 'Quiabo', 'url_agrofit': 'https://agrofit.agricultura.gov.br/agrofit_cons/!ap_praga_detalhe_cons?p_id_cultura_praga=7967'}, {'nome': 'Azeitona', 'url_agrofit': 'https://agrofit.agricultura.gov.br/agrofit_cons/!ap_praga_detalhe_cons?p_id_cultura_praga=7962'}, {'nome': 'Canola', 'url_agrofit': 'https://agrofit.agricultura.gov.br/agrofit_cons/!ap_praga_detalhe_cons?p_id_cultura_praga=5496'}, {'nome': 'Feijão-caupi', 'url_agrofit': 'https://agrofit.agricultura.gov.br/agrofit_cons/!ap_praga_detalhe_cons?p_id_cultura_praga=7819'}, {'nome': 'Acelga', 'url_agrofit': 'https://agrofit.agricultura.gov.br/agrofit_cons/!ap_praga_detalhe_cons?p_id_cultura_praga=8163'}, {'nome': 'Mandioquinha-salsa', 'url_agrofit': 'https://agrofit.agricultura.gov.br/agrofit_cons/!ap_praga_detalhe_cons?p_id_cultura_praga=7040'}, {'nome': 'Romã', 'url_agrofit': 'https://agrofit.agricultura.gov.br/agrofit_cons/!ap_praga_detalhe_cons?p_id_cultura_praga=5981'}]"
Doença,Alternaria bataticola,"['Queima-das-folhas', 'Queima da folhas']","[{'nome': 'Batata-doce', 'url_agrofit': 'https://agrofit.agricultura.gov.br/agrofit_cons/!ap_praga_detalhe_cons?p_id_cultura_praga=7280'}, {'nome': 'Batata yacon', 'url_agrofit': 'https://agrofit.agricultura.gov.br/agrofit_cons/!ap_praga_detalhe_cons?p_id_cultura_praga=7081'}]"
Doença,Alternaria brassicae,"['Mancha-de-Alternaria', 'Mancha-preta', 'Mancha- Alternaria', 'Mancha-Alternaria', 'Mancha-de-alternaria']","[{'nome': 'Nabo', 'url_agrofit': 'https://agrofit.agricultura.gov.br/agrofit_cons/!ap_praga_detalhe_cons?p_id_cultura_praga=4450'}, {'nome': 'Couve-chinesa', 'url_agrofit': 'https://agrofit.agricultura.gov.br/agrofit_cons/!ap_praga_detalhe_cons?p_id_cultura_praga=6182'}, {'nome': 'Canola', 'url_agrofit': 'https://agrofit.agricultura.gov.br/agrofit_cons/!ap_praga_detalhe_cons?p_id_cultura_praga=5497'}, {'nome': 'Agrião', 'url_agrofit': 'https://agrofit.agricultura.gov.br/agrofit_cons/!ap_praga_detalhe_cons?p_id_cultura_praga=7157'}, {'nome': 'Couve-de-bruxelas', 'url_agrofit': 'https://agrofit.agricultura.gov.br/agrofit_cons/!ap_praga_detalhe_cons?p_id_cultura_praga=6175'}, {'nome': 'Mostarda', 'url_agrofit': 'https://agrofit.agricultura.gov.br/agrofit_cons/!ap_praga_detalhe_cons?p_id_cultura_praga=6179'}, {'nome': 'Couve', 'url_agrofit': 'https://agrofit.agricultura.gov.br/agrofit_cons/!ap_praga_detalhe_cons?p_id_cultura_praga=4283'}, {'nome': 'Brócolis', 'url_agrofit': 'https://agrofit.agricultura.gov.br/agrofit_cons/!ap_praga_detalhe_cons?p_id_cultura_praga=3963'}, {'nome': 'Chicória', 'url_agrofit': 'https://agrofit.agricultura.gov.br/agrofit_cons/!ap_praga_detalhe_cons?p_id_cultura_praga=7155'}, {'nome': 'Repolho', 'url_agrofit': 'https://agrofit.agricultura.gov.br/agrofit_cons/!ap_praga_detalhe_cons?p_id_cultura_praga=4703'}, {'nome': 'Seriguela', 'url_agrofit': 'https://agrofit.agricultura.gov.br/agrofit_cons/!ap_praga_detalhe_cons?p_id_cultura_praga=7291'}, {'nome': 'Couve-flor', 'url_agrofit': 'https://agrofit.agricultura.gov.br/agrofit_cons/!ap_praga_detalhe_cons?p_id_cultura_praga=4243'}, {'nome': 'Rabanete', 'url_agrofit': 'https://agrofit.agricultura.gov.br/agrofit_cons/!ap_praga_detalhe_cons?p_id_cultura_praga=6180'}, {'nome': 'Estévia', 'url_agrofit': 'https://agrofit.agricultura.gov.br/agrofit_cons/!ap_praga_detalhe_cons?p_id_cultura_praga=7156'}, {'nome': 'Alface', 'url_agrofit': 'https://agrofit.agricultura.gov.br/agrofit_cons/!ap_praga_detalhe_cons?p_id_cultura_praga=7158'}, {'nome': 'Carinata', 'url_agrofit': 'https://agrofit.agricultura.gov.br/agrofit_cons/!ap_praga_detalhe_cons?p_id_cultura_praga=8501'}, {'nome': 'Almeirão', 'url_agrofit': 'https://agrofit.agricultura.gov.br/agrofit_cons/!ap_praga_detalhe_cons?p_id_cultura_praga=7159'}, {'nome': 'Rúcula', 'url_agrofit': 'https://agrofit.agricultura.gov.br/agrofit_cons/!ap_praga_detalhe_cons?p_id_cultura_praga=7113'}]"
Doença,Alternaria cichorii,['Alternariose'],"[{'nome': 'Chicória', 'url_agrofit': 'https://agrofit.agricultura.gov.br/agrofit_cons/!ap_praga_detalhe_cons?p_id_cultura_praga=5905'}, {'nome': 'Almeirão', 'url_agrofit': 'https://agrofit.agricultura.gov.br/agrofit_cons/!ap_praga_detalhe_cons?p_id_cultura_praga=5899'}]"
Doença,Alternaria citri,"['Mancha-de-Alternaria', 'Podridão-negra']","[{'nome': 'Citros', 'url_agrofit': 'https://agrofit.agricultura.gov.br/agrofit_cons/!ap_praga_detalhe_cons?p_id_cultura_praga=4042'}]"
Doença,Alternaria cucumerina,"['Mancha de alternaria', 'Mancha-das-folhas', 'Mancha-de-Alternaria']","[{'nome': 'Caqui', 'url_agrofit': 'https://agrofit.agricultura.gov.br/agrofit_cons/!ap_praga_detalhe_cons?p_id_cultura_praga=7304'}, {'nome': 'Maxixe', 'url_agrofit': 'https://agrofit.agricultura.gov.br/agrofit_cons/!ap_praga_detalhe_cons?p_id_cultura_praga=7310'}, {'nome': 'Carambola', 'url_agrofit': 'https://agrofit.agricultura.gov.br/agrofit_cons/!ap_praga_detalhe_cons?p_id_cultura_praga=7305'}, {'nome': 'Melancia', 'url_agrofit': 'https://agrofit.agricultura.gov.br/agrofit_cons/!ap_praga_detalhe_cons?p_id_cultura_praga=4318'}, {'nome': 'Melão', 'url_agrofit': 'https://agrofit.agricultura.gov.br/agrofit_cons/!ap_praga_detalhe_cons?p_id_cultura_praga=4543'}, {'nome': 'Pepino', 'url_agrofit': 'https://agrofit.agricultura.gov.br/agrofit_cons/!ap_praga_detalhe_cons?p_id_cultura_praga=4570'}, {'nome': 'Chuchu', 'url_agrofit': 'https://agrofit.agricultura.gov.br/agrofit_cons/!ap_praga_detalhe_cons?p_id_cultura_praga=7309'}]"
Doença,Alternaria dauci,"['Queima-das-folhas', 'Mancha de Alternaria', 'Mancha-de-alternaria', 'Mancha-de-Alternaria']","[{'nome': 'Batata yacon', 'url_agrofit': 'https://agrofit.agricultura.gov.br/agrofit_cons/!ap_praga_detalhe_cons?p_id_cultura_praga=7035'}, {'nome': 'Mandioquinha-salsa', 'url_agrofit': 'https://agrofit.agricultura.gov.br/agrofit_cons/!ap_praga_detalhe_cons?p_id_cultura_praga=6176'}, {'nome': 'Couve', 'url_agrofit': 'https://agrofit.agricultura.gov.br/agrofit_cons/!ap_praga_detalhe_cons?p_id_cultura_praga=8190'}, {'nome': 'Salsa', 'url_agrofit': 'https://agrofit.agricultura.gov.br/agrofit_cons/!ap_praga_detalhe_cons?p_id_cultura_praga=8194'}, {'nome': 'Coentro', 'url_agrofit': 'https://agrofit.agricultura.gov.br/agrofit_cons/!ap_praga_detalhe_cons?p_id_cultura_praga=5765'}, {'nome': 'Cenoura', 'url_agrofit': 'https://agrofit.agricultura.gov.br/agrofit_cons/!ap_praga_detalhe_cons?p_id_cultura_praga=4016'}, {'nome': 'Todas as culturas', 'url_agrofit': 'https://agrofit.agricultura.gov.br/agrofit_cons/!ap_praga_detalhe_cons?p_id_cultura_praga=5769'}]"
Doença,Alternaria dianthi,"['Pinta preta', 'Mancha-das-folhas', 'Pinta-preta']","[{'nome': 'Plantas Ornamentais', 'url_agrofit': 'https://agrofit.agricultura.gov.br/agrofit_cons/!ap_praga_detalhe_cons?p_id_cultura_praga=7441'}, {'nome': 'Cravo', 'url_agrofit': 'https://agrofit.agricultura.gov.br/agrofit_cons/!ap_praga_detalhe_cons?p_id_cultura_praga=4158'}]"
Doença,Alternaria grandis,['Pinta Preta'],"[{'nome': 'Batata', 'url_agrofit': 'https://agrofit.agricultura.gov.br/agrofit_cons/!ap_praga_detalhe_cons?p_id_cultura_praga=7073'}]"
Doença,Alternaria helianthi,"['-', 'Mancha-de-alternária', 'Mancha de alternaria']","[{'nome': 'Linhaça', 'url_agrofit': 'https://agrofit.agricultura.gov.br/agrofit_cons/!ap_praga_detalhe_cons?p_id_cultura_praga=8656'}, {'nome': 'Canola', 'url_agrofit': 'https://agrofit.agricultura.gov.br/agrofit_cons/!ap_praga_detalhe_cons?p_id_cultura_praga=8655'}, {'nome': 'Gergelim', 'url_agrofit': 'https://agrofit.agricultura.gov.br/agrofit_cons/!ap_praga_detalhe_cons?p_id_cultura_praga=8637'}, {'nome': 'Girassol', 'url_agrofit': 'https://agrofit.agricultura.gov.br/agrofit_cons/!ap_praga_detalhe_cons?p_id_cultura_praga=5256'}]"
Doença,Alternaria linicola,['Mancha-de-alternaria'],"[{'nome': 'Linhaça', 'url_agrofit': 'https://agrofit.agricultura.gov.br/agrofit_cons/!ap_praga_detalhe_cons?p_id_cultura_praga=7150'}]"
Doença,Alternaria macrospora,['Mancha de alternaria'],"[{'nome': 'Algodão', 'url_agrofit': 'https://agrofit.agricultura.gov.br/agrofit_cons/!ap_praga_detalhe_cons?p_id_cultura_praga=8131'}]"
Doença,Alternaria padwickii,['Mancha-circular'],"[{'nome': 'Arroz', 'url_agrofit': 'https://agrofit.agricultura.gov.br/agrofit_cons/!ap_praga_detalhe_cons?p_id_cultura_praga=3904'}]"
Doença,Alternaria passiflorae,"['Mancha-de-Alternaria', 'Mancha-parda']","[{'nome': 'Maracujá', 'url_agrofit': 'https://agrofit.agricultura.gov.br/agrofit_cons/!ap_praga_detalhe_cons?p_id_cultura_praga=4459'}]"
Doença,Alternaria porri,"['Crestamento', 'Mancha-púrpura', 'Pinta-preta', 'Alternaria púrpura']","[{'nome': 'Alho', 'url_agrofit': 'https://agrofit.agricultura.gov.br/agrofit_cons/!ap_praga_detalhe_cons?p_id_cultura_praga=3873'}, {'nome': 'Canola', 'url_agrofit': 'https://agrofit.agricultura.gov.br/agrofit_cons/!ap_praga_detalhe_cons?p_id_cultura_praga=6171'}, {'nome': 'Alho porró', 'url_agrofit': 'https://agrofit.agricultura.gov.br/agrofit_cons/!ap_praga_detalhe_cons?p_id_cultura_praga=8188'}, {'nome': 'Batata', 'url_agrofit': 'https://agrofit.agricultura.gov.br/agrofit_cons/!ap_praga_detalhe_cons?p_id_cultura_praga=5683'}, {'nome': 'Cebolinha', 'url_agrofit': 'https://agrofit.agricultura.gov.br/agrofit_cons/!ap_praga_detalhe_cons?p_id_cultura_praga=4122'}, {'nome': 'Todas as culturas', 'url_agrofit': 'https://agrofit.agricultura.gov.br/agrofit_cons/!ap_praga_detalhe_cons?p_id_cultura_praga=5770'}, {'nome': 'Chalota', 'url_agrofit': 'https://agrofit.agricultura.gov.br/agrofit_cons/!ap_praga_detalhe_cons?p_id_cultura_praga=6173'}, {'nome': 'Cebola', 'url_agrofit': 'https://agrofit.agricultura.gov.br/agrofit_cons/!ap_praga_detalhe_cons?p_id_cultura_praga=4059'}, {'nome': 'Cenoura', 'url_agrofit': 'https://agrofit.agricultura.gov.br/agrofit_cons/!ap_praga_detalhe_cons?p_id_cultura_praga=7264'}]"
Doença,Alternaria raphani,['Mancha-de-Alternaria'],"[{'nome': 'Rabanete', 'url_agrofit': 'https://agrofit.agricultura.gov.br/agrofit_cons/!ap_praga_detalhe_cons?p_id_cultura_praga=6446'}, {'nome': 'Canola', 'url_agrofit': 'https://agrofit.agricultura.gov.br/agrofit_cons/!ap_praga_detalhe_cons?p_id_cultura_praga=5498'}, {'nome': 'Nabo', 'url_agrofit': 'https://agrofit.agricultura.gov.br/agrofit_cons/!ap_praga_detalhe_cons?p_id_cultura_praga=6447'}]"
Doença,Alternaria ricini,['Mancha de Alternaria'],"[{'nome': 'Mamona', 'url_agrofit': 'https://agrofit.agricultura.gov.br/agrofit_cons/!ap_praga_detalhe_cons?p_id_cultura_praga=7084'}]"
Doença,Alternaria sesami,['Mancha-de-alternaria'],"[{'nome': 'Gergelim', 'url_agrofit': 'https://agrofit.agricultura.gov.br/agrofit_cons/!ap_praga_detalhe_cons?p_id_cultura_praga=5961'}, {'nome': 'Girassol', 'url_agrofit': 'https://agrofit.agricultura.gov.br/agrofit_cons/!ap_praga_detalhe_cons?p_id_cultura_praga=8636'}]"
Doença,Alternaria solani,"['Pinta preta grande', 'Mancha de alternaria', 'Pinta preta', 'Pinta Prte', 'Mancha-de-Alternaria', 'Pinta-preta-grande', 'Pinta-preta', 'Pinta Preta']","[{'nome': 'Abobrinha', 'url_agrofit': 'https://agrofit.agricultura.gov.br/agrofit_cons/!ap_praga_detalhe_cons?p_id_cultura_praga=7674'}, {'nome': 'Todas as culturas', 'url_agrofit': 'https://agrofit.agricultura.gov.br/agrofit_cons/!ap_praga_detalhe_cons?p_id_cultura_praga=6331'}, {'nome': 'Alface', 'url_agrofit': 'https://agrofit.agricultura.gov.br/agrofit_cons/!ap_praga_detalhe_cons?p_id_cultura_praga=4939'}, {'nome': 'Alstroeméria', 'url_agrofit': 'https://agrofit.agricultura.gov.br/agrofit_cons/!ap_praga_detalhe_cons?p_id_cultura_praga=6557'}, {'nome': 'Pimentão', 'url_agrofit': 'https://agrofit.agricultura.gov.br/agrofit_cons/!ap_praga_detalhe_cons?p_id_cultura_praga=4659'}, {'nome': 'Lisianthus', 'url_agrofit': 'https://agrofit.agricultura.gov.br/agrofit_cons/!ap_praga_detalhe_cons?p_id_cultura_praga=6435'}, {'nome': 'Crisântemo', 'url_agrofit': 'https://agrofit.agricultura.gov.br/agrofit_cons/!ap_praga_detalhe_cons?p_id_cultura_praga=6434'}, {'nome': 'Cravina', 'url_agrofit': 'https://agrofit.agricultura.gov.br/agrofit_cons/!ap_praga_detalhe_cons?p_id_cultura_praga=6566'}, {'nome': 'Alho', 'url_agrofit': 'https://agrofit.agricultura.gov.br/agrofit_cons/!ap_praga_detalhe_cons?p_id_cultura_praga=7635'}, {'nome': 'Batata', 'url_agrofit': 'https://agrofit.agricultura.gov.br/agrofit_cons/!ap_praga_detalhe_cons?p_id_cultura_praga=3953'}, {'nome': 'Inhame', 'url_agrofit': 'https://agrofit.agricultura.gov.br/agrofit_cons/!ap_praga_detalhe_cons?p_id_cultura_praga=7643'}, {'nome': 'Quiabo', 'url_agrofit': 'https://agrofit.agricultura.gov.br/agrofit_cons/!ap_praga_detalhe_cons?p_id_cultura_praga=7677'}, {'nome': 'Chuchu', 'url_agrofit': 'https://agrofit.agricultura.gov.br/agrofit_cons/!ap_praga_detalhe_cons?p_id_cultura_praga=7675'}, {'nome': 'Berinjela', 'url_agrofit': 'https://agrofit.agricultura.gov.br/agrofit_cons/!ap_praga_detalhe_cons?p_id_cultura_praga=3950'}, {'nome': 'Plantas Ornamentais', 'url_agrofit': 'https://agrofit.agricultura.gov.br/agrofit_cons/!ap_praga_detalhe_cons?p_id_cultura_praga=6923'}, {'nome': 'Pimenta', 'url_agrofit': 'https://agrofit.agricultura.gov.br/agrofit_cons/!ap_praga_detalhe_cons?p_id_cultura_praga=4456'}, {'nome': 'Feijão', 'url_agrofit': 'https://agrofit.agricultura.gov.br/agrofit_cons/!ap_praga_detalhe_cons?p_id_cultura_praga=6485'}, {'nome': 'Cravo', 'url_agrofit': 'https://agrofit.agricultura.gov.br/agrofit_cons/!ap_praga_detalhe_cons?p_id_cultura_praga=6565'}, {'nome': 'Tomate', 'url_agrofit': 'https://agrofit.agricultura.gov.br/agrofit_cons/!ap_praga_detalhe_cons?p_id_cultura_praga=4751'}, {'nome': 'Café', 'url_agrofit': 'https://agrofit.agricultura.gov.br/agrofit_cons/!ap_praga_detalhe_cons?p_id_cultura_praga=7142'}, {'nome': 'Nabo', 'url_agrofit': 'https://agrofit.agricultura.gov.br/agrofit_cons/!ap_praga_detalhe_cons?p_id_cultura_praga=7646'}, {'nome': 'Maxixe', 'url_agrofit': 'https://agrofit.agricultura.gov.br/agrofit_cons/!ap_praga_detalhe_cons?p_id_cultura_praga=7676'}, {'nome': 'Rabanete', 'url_agrofit': 'https://agrofit.agricultura.gov.br/agrofit_cons/!ap_praga_detalhe_cons?p_id_cultura_praga=7647'}, {'nome': 'Cenoura', 'url_agrofit': 'https://agrofit.agricultura.gov.br/agrofit_cons/!ap_praga_detalhe_cons?p_id_cultura_praga=7640'}, {'nome': 'Chalota', 'url_agrofit': 'https://agrofit.agricultura.gov.br/agrofit_cons/!ap_praga_detalhe_cons?p_id_cultura_praga=7641'}, {'nome': 'Gengibre', 'url_agrofit': 'https://agrofit.agricultura.gov.br/agrofit_cons/!ap_praga_detalhe_cons?p_id_cultura_praga=7642'}, {'nome': 'Cará', 'url_agrofit': 'https://agrofit.agricultura.gov.br/agrofit_cons/!ap_praga_detalhe_cons?p_id_cultura_praga=7639'}, {'nome': 'Beterraba', 'url_agrofit': 'https://agrofit.agricultura.gov.br/agrofit_cons/!ap_praga_detalhe_cons?p_id_cultura_praga=7638'}, {'nome': 'Mandioquinha-salsa', 'url_agrofit': 'https://agrofit.agricultura.gov.br/agrofit_cons/!ap_praga_detalhe_cons?p_id_cultura_praga=7645'}, {'nome': 'Mandioca', 'url_agrofit': 'https://agrofit.agricultura.gov.br/agrofit_cons/!ap_praga_detalhe_cons?p_id_cultura_praga=7644'}, {'nome': 'Jiló', 'url_agrofit': 'https://agrofit.agricultura.gov.br/agrofit_cons/!ap_praga_detalhe_cons?p_id_cultura_praga=5290'}, {'nome': 'Abóbora', 'url_agrofit': 'https://agrofit.agricultura.gov.br/agrofit_cons/!ap_praga_detalhe_cons?p_id_cultura_praga=7673'}, {'nome': 'Batata-doce', 'url_agrofit': 'https://agrofit.agricultura.gov.br/agrofit_cons/!ap_praga_detalhe_cons?p_id_cultura_praga=7636'}, {'nome': 'Cebola', 'url_agrofit': 'https://agrofit.agricultura.gov.br/agrofit_cons/!ap_praga_detalhe_cons?p_id_cultura_praga=7015'}, {'nome': 'Duboisia', 'url_agrofit': 'https://agrofit.agricultura.gov.br/agrofit_cons/!ap_praga_detalhe_cons?p_id_cultura_praga=7562'}, {'nome': 'Batata yacon', 'url_agrofit': 'https://agrofit.agricultura.gov.br/agrofit_cons/!ap_praga_detalhe_cons?p_id_cultura_praga=7637'}]"
Doença,Alternaria sonchi,"['Mancha-de-Alternaria', 'Mancha-foliar']","[{'nome': 'Alface', 'url_agrofit': 'https://agrofit.agricultura.gov.br/agrofit_cons/!ap_praga_detalhe_cons?p_id_cultura_praga=3790'}, {'nome': 'Espinafre', 'url_agrofit': 'https://agrofit.agricultura.gov.br/agrofit_cons/!ap_praga_detalhe_cons?p_id_cultura_praga=7160'}, {'nome': 'Almeirão', 'url_agrofit': 'https://agrofit.agricultura.gov.br/agrofit_cons/!ap_praga_detalhe_cons?p_id_cultura_praga=3870'}, {'nome': 'Chicória', 'url_agrofit': 'https://agrofit.agricultura.gov.br/agrofit_cons/!ap_praga_detalhe_cons?p_id_cultura_praga=4098'}]"
Doença,Alternaria sp.,"['Mancha foliar', 'Mancha-foliar', '-', 'Pinta Preta', 'Mancha-de-alternaria']","[{'nome': 'Lírio', 'url_agrofit': 'https://agrofit.agricultura.gov.br/agrofit_cons/!ap_praga_detalhe_cons?p_id_cultura_praga=6732'}, {'nome': 'Ruscus', 'url_agrofit': 'https://agrofit.agricultura.gov.br/agrofit_cons/!ap_praga_detalhe_cons?p_id_cultura_praga=6665'}, {'nome': 'Plantas Ornamentais', 'url_agrofit': 'https://agrofit.agricultura.gov.br/agrofit_cons/!ap_praga_detalhe_cons?p_id_cultura_praga=6935'}, {'nome': 'Vinca', 'url_agrofit': 'https://agrofit.agricultura.gov.br/agrofit_cons/!ap_praga_detalhe_cons?p_id_cultura_praga=6772'}, {'nome': 'Celósia ', 'url_agrofit': 'https://agrofit.agricultura.gov.br/agrofit_cons/!ap_praga_detalhe_cons?p_id_cultura_praga=6641'}, {'nome': 'Gardênia ', 'url_agrofit': 'https://agrofit.agricultura.gov.br/agrofit_cons/!ap_praga_detalhe_cons?p_id_cultura_praga=6681'}, {'nome': 'Alyssum ', 'url_agrofit': 'https://agrofit.agricultura.gov.br/agrofit_cons/!ap_praga_detalhe_cons?p_id_cultura_praga=6595'}, {'nome': 'Ptoporium', 'url_agrofit': 'https://agrofit.agricultura.gov.br/agrofit_cons/!ap_praga_detalhe_cons?p_id_cultura_praga=6673'}, {'nome': 'Cana Indica ', 'url_agrofit': 'https://agrofit.agricultura.gov.br/agrofit_cons/!ap_praga_detalhe_cons?p_id_cultura_praga=6626'}, {'nome': 'Lisianthus', 'url_agrofit': 'https://agrofit.agricultura.gov.br/agrofit_cons/!ap_praga_detalhe_cons?p_id_cultura_praga=6726'}, {'nome': 'Beterraba', 'url_agrofit': 'https://agrofit.agricultura.gov.br/agrofit_cons/!ap_praga_detalhe_cons?p_id_cultura_praga=8729'}, {'nome': 'Cravo', 'url_agrofit': 'https://agrofit.agricultura.gov.br/agrofit_cons/!ap_praga_detalhe_cons?p_id_cultura_praga=6633'}, {'nome': 'Verbena', 'url_agrofit': 'https://agrofit.agricultura.gov.br/agrofit_cons/!ap_praga_detalhe_cons?p_id_cultura_praga=6764'}, {'nome': 'Boca-de-Leão ', 'url_agrofit': 'https://agrofit.agricultura.gov.br/agrofit_cons/!ap_praga_detalhe_cons?p_id_cultura_praga=6619'}, {'nome': 'Gérbera', 'url_agrofit': 'https://agrofit.agricultura.gov.br/agrofit_cons/!ap_praga_detalhe_cons?p_id_cultura_praga=6409'}, {'nome': 'Salvia', 'url_agrofit': 'https://agrofit.agricultura.gov.br/agrofit_cons/!ap_praga_detalhe_cons?p_id_cultura_praga=6748'}, {'nome': 'Coleus', 'url_agrofit': 'https://agrofit.agricultura.gov.br/agrofit_cons/!ap_praga_detalhe_cons?p_id_cultura_praga=6649'}, {'nome': 'Euonymus', 'url_agrofit': 'https://agrofit.agricultura.gov.br/agrofit_cons/!ap_praga_detalhe_cons?p_id_cultura_praga=6657'}, {'nome': 'Margarida', 'url_agrofit': 'https://agrofit.agricultura.gov.br/agrofit_cons/!ap_praga_detalhe_cons?p_id_cultura_praga=6740'}, {'nome': 'Zinnia', 'url_agrofit': 'https://agrofit.agricultura.gov.br/agrofit_cons/!ap_praga_detalhe_cons?p_id_cultura_praga=6780'}, {'nome': 'Canola', 'url_agrofit': 'https://agrofit.agricultura.gov.br/agrofit_cons/!ap_praga_detalhe_cons?p_id_cultura_praga=7148'}, {'nome': 'Alstroeméria', 'url_agrofit': 'https://agrofit.agricultura.gov.br/agrofit_cons/!ap_praga_detalhe_cons?p_id_cultura_praga=6403'}, {'nome': 'Hortênsia', 'url_agrofit': 'https://agrofit.agricultura.gov.br/agrofit_cons/!ap_praga_detalhe_cons?p_id_cultura_praga=6710'}, {'nome': 'Amaryllis', 'url_agrofit': 'https://agrofit.agricultura.gov.br/agrofit_cons/!ap_praga_detalhe_cons?p_id_cultura_praga=6603'}, {'nome': 'Manga', 'url_agrofit': 'https://agrofit.agricultura.gov.br/agrofit_cons/!ap_praga_detalhe_cons?p_id_cultura_praga=7087'}, {'nome': 'Gerânio', 'url_agrofit': 'https://agrofit.agricultura.gov.br/agrofit_cons/!ap_praga_detalhe_cons?p_id_cultura_praga=6689'}, {'nome': 'Azaléia', 'url_agrofit': 'https://agrofit.agricultura.gov.br/agrofit_cons/!ap_praga_detalhe_cons?p_id_cultura_praga=6611'}, {'nome': 'Sedum makinoi ', 'url_agrofit': 'https://agrofit.agricultura.gov.br/agrofit_cons/!ap_praga_detalhe_cons?p_id_cultura_praga=6756'}, {'nome': 'Gladíolo', 'url_agrofit': 'https://agrofit.agricultura.gov.br/agrofit_cons/!ap_praga_detalhe_cons?p_id_cultura_praga=6703'}, {'nome': 'Lantana', 'url_agrofit': 'https://agrofit.agricultura.gov.br/agrofit_cons/!ap_praga_detalhe_cons?p_id_cultura_praga=6718'}]"
Doença,Alternaria spp.,"['Mancha-de-alternaria', 'Alternariose', 'Mancha-de-Alternaria', 'Mancha-de-folha', 'Pinta preta', 'Mancha de Alternaria', 'Coração-negro', 'Mancha de alternaria', 'Alternaria', 'Manchas-foliar', 'Mancha-das-folhas', 'Podridão das maçãs']","[{'nome': 'Girassol', 'url_agrofit': 'https://agrofit.agricultura.gov.br/agrofit_cons/!ap_praga_detalhe_cons?p_id_cultura_praga=5953'}, {'nome': 'Rabanete', 'url_agrofit': 'https://agrofit.agricultura.gov.br/agrofit_cons/!ap_praga_detalhe_cons?p_id_cultura_praga=5982'}, {'nome': 'Crisântemo', 'url_agrofit': 'https://agrofit.agricultura.gov.br/agrofit_cons/!ap_praga_detalhe_cons?p_id_cultura_praga=4261'}, {'nome': 'Amora', 'url_agrofit': 'https://agrofit.agricultura.gov.br/agrofit_cons/!ap_praga_detalhe_cons?p_id_cultura_praga=5902'}, {'nome': 'Pimentão', 'url_agrofit': 'https://agrofit.agricultura.gov.br/agrofit_cons/!ap_praga_detalhe_cons?p_id_cultura_praga=5304'}, {'nome': 'Cevada', 'url_agrofit': 'https://agrofit.agricultura.gov.br/agrofit_cons/!ap_praga_detalhe_cons?p_id_cultura_praga=4133'}, {'nome': 'Pastagens', 'url_agrofit': 'https://agrofit.agricultura.gov.br/agrofit_cons/!ap_praga_detalhe_cons?p_id_cultura_praga=5220'}, {'nome': 'Romã', 'url_agrofit': 'https://agrofit.agricultura.gov.br/agrofit_cons/!ap_praga_detalhe_cons?p_id_cultura_praga=5980'}, {'nome': 'Trigo', 'url_agrofit': 'https://agrofit.agricultura.gov.br/agrofit_cons/!ap_praga_detalhe_cons?p_id_cultura_praga=4685'}, {'nome': 'Acerola', 'url_agrofit': 'https://agrofit.agricultura.gov.br/agrofit_cons/!ap_praga_detalhe_cons?p_id_cultura_praga=5897'}, {'nome': 'Feijão', 'url_agrofit': 'https://agrofit.agricultura.gov.br/agrofit_cons/!ap_praga_detalhe_cons?p_id_cultura_praga=4073'}, {'nome': 'Acerola', 'url_agrofit': 'https://agrofit.agricultura.gov.br/agrofit_cons/!ap_praga_detalhe_cons?p_id_cultura_praga=5851'}, {'nome': 'Batata-doce', 'url_agrofit': 'https://agrofit.agricultura.gov.br/agrofit_cons/!ap_praga_detalhe_cons?p_id_cultura_praga=8330'}, {'nome': 'Morango', 'url_agrofit': 'https://agrofit.agricultura.gov.br/agrofit_cons/!ap_praga_detalhe_cons?p_id_cultura_praga=8616'}, {'nome': 'Nabo', 'url_agrofit': 'https://agrofit.agricultura.gov.br/agrofit_cons/!ap_praga_detalhe_cons?p_id_cultura_praga=5977'}, {'nome': 'Mandioquinha-salsa', 'url_agrofit': 'https://agrofit.agricultura.gov.br/agrofit_cons/!ap_praga_detalhe_cons?p_id_cultura_praga=5973'}, {'nome': 'Algodão', 'url_agrofit': 'https://agrofit.agricultura.gov.br/agrofit_cons/!ap_praga_detalhe_cons?p_id_cultura_praga=5303'}]"
Doença,Alternaria steviae,['Mancha-de-alternaria'],"[{'nome': 'Estévia', 'url_agrofit': 'https://agrofit.agricultura.gov.br/agrofit_cons/!ap_praga_detalhe_cons?p_id_cultura_praga=7112'}]"
Doença,Alternaria tenuis,"['Queima das folhas', 'Mancha de alternaria', 'Mancha-de-Alternaria', 'Mofo preto']","[{'nome': 'Cará', 'url_agrofit': 'https://agrofit.agricultura.gov.br/agrofit_cons/!ap_praga_detalhe_cons?p_id_cultura_praga=6578'}, {'nome': 'Trigo', 'url_agrofit': 'https://agrofit.agricultura.gov.br/agrofit_cons/!ap_praga_detalhe_cons?p_id_cultura_praga=8023'}, {'nome': 'Beterraba', 'url_agrofit': 'https://agrofit.agricultura.gov.br/agrofit_cons/!ap_praga_detalhe_cons?p_id_cultura_praga=5838'}, {'nome': 'Inhame', 'url_agrofit': 'https://agrofit.agricultura.gov.br/agrofit_cons/!ap_praga_detalhe_cons?p_id_cultura_praga=6579'}, {'nome': 'Gengibre', 'url_agrofit': 'https://agrofit.agricultura.gov.br/agrofit_cons/!ap_praga_detalhe_cons?p_id_cultura_praga=6581'}, {'nome': 'Rabanete', 'url_agrofit': 'https://agrofit.agricultura.gov.br/agrofit_cons/!ap_praga_detalhe_cons?p_id_cultura_praga=8119'}, {'nome': 'Mandioca', 'url_agrofit': 'https://agrofit.agricultura.gov.br/agrofit_cons/!ap_praga_detalhe_cons?p_id_cultura_praga=6580'}]"
Doença,Alternaria tenuissima,"['Mancha-de-Alternaria', 'Mancha-foliar', 'Mancha-de-alternaria', 'Mofo-preto']","[{'nome': 'Fumo', 'url_agrofit': 'https://agrofit.agricultura.gov.br/agrofit_cons/!ap_praga_detalhe_cons?p_id_cultura_praga=4398'}, {'nome': 'Mirtilo', 'url_agrofit': 'https://agrofit.agricultura.gov.br/agrofit_cons/!ap_praga_detalhe_cons?p_id_cultura_praga=7089'}, {'nome': 'Sorgo', 'url_agrofit': 'https://agrofit.agricultura.gov.br/agrofit_cons/!ap_praga_detalhe_cons?p_id_cultura_praga=5004'}]"
Insetos,Amauromyza maculosa,['Mosca-minadora'],"[{'nome': 'Plantas Ornamentais', 'url_agrofit': 'https://agrofit.agricultura.gov.br/agrofit_cons/!ap_praga_detalhe_cons?p_id_cultura_praga=6870'}]"
Doença,Amphobotrys ricini,['Mofo cinzento'],"[{'nome': 'Mamona', 'url_agrofit': 'https://agrofit.agricultura.gov.br/agrofit_cons/!ap_praga_detalhe_cons?p_id_cultura_praga=6552'}]"
Insetos,Anacampsis spp.,['Traça-das-castanhas'],"[{'nome': 'Caju', 'url_agrofit': 'https://agrofit.agricultura.gov.br/agrofit_cons/!ap_praga_detalhe_cons?p_id_cultura_praga=2780'}]"
Insetos,Anagasta kuehniella,['Traça-da-farinha'],"[{'nome': 'Arroz', 'url_agrofit': 'https://agrofit.agricultura.gov.br/agrofit_cons/!ap_praga_detalhe_cons?p_id_cultura_praga=5270'}]"
Insetos,Anastrepha consobrina,"['Mosca-das-frutas', 'Mosca-sul-americana']","[{'nome': 'Maracujá', 'url_agrofit': 'https://agrofit.agricultura.gov.br/agrofit_cons/!ap_praga_detalhe_cons?p_id_cultura_praga=3250'}]"
Insetos,Anastrepha fraterculus,['Mosca-das-frutas'],"[{'nome': 'Abacaxi', 'url_agrofit': 'https://agrofit.agricultura.gov.br/agrofit_cons/!ap_praga_detalhe_cons?p_id_cultura_praga=8291'}]"
Insetos,Anastrepha fraterculus,"['Mosca-das-frutas', 'Mosca-sul-americana', 'Mosca - sul- americana', 'mosca das frutas sul americanas', 'Mosca-das-Frutas-Sulamericana', 'Mosca-das-frutas-sulamericana', 'Mosca das frutas sul americanas']","[{'nome': 'Manga', 'url_agrofit': 'https://agrofit.agricultura.gov.br/agrofit_cons/!ap_praga_detalhe_cons?p_id_cultura_praga=3383'}, {'nome': 'Cacau', 'url_agrofit': 'https://agrofit.agricultura.gov.br/agrofit_cons/!ap_praga_detalhe_cons?p_id_cultura_praga=6189'}, {'nome': 'Guaraná', 'url_agrofit': 'https://agrofit.agricultura.gov.br/agrofit_cons/!ap_praga_detalhe_cons?p_id_cultura_praga=8309'}, {'nome': 'Lichia', 'url_agrofit': 'https://agrofit.agricultura.gov.br/agrofit_cons/!ap_praga_detalhe_cons?p_id_cultura_praga=8313'}, {'nome': 'Caqui', 'url_agrofit': 'https://agrofit.agricultura.gov.br/agrofit_cons/!ap_praga_detalhe_cons?p_id_cultura_praga=2809'}, {'nome': 'Ameixa', 'url_agrofit': 'https://agrofit.agricultura.gov.br/agrofit_cons/!ap_praga_detalhe_cons?p_id_cultura_praga=2525'}, {'nome': 'Nectarina', 'url_agrofit': 'https://agrofit.agricultura.gov.br/agrofit_cons/!ap_praga_detalhe_cons?p_id_cultura_praga=6084'}, {'nome': 'Romã', 'url_agrofit': 'https://agrofit.agricultura.gov.br/agrofit_cons/!ap_praga_detalhe_cons?p_id_cultura_praga=6193'}, {'nome': 'Azeitona', 'url_agrofit': 'https://agrofit.agricultura.gov.br/agrofit_cons/!ap_praga_detalhe_cons?p_id_cultura_praga=8298'}, {'nome': 'Pera', 'url_agrofit': 'https://agrofit.agricultura.gov.br/agrofit_cons/!ap_praga_detalhe_cons?p_id_cultura_praga=3618'}, {'nome': 'Anonáceas', 'url_agrofit': 'https://agrofit.agricultura.gov.br/agrofit_cons/!ap_praga_detalhe_cons?p_id_cultura_praga=6188'}, {'nome': 'Maracujá', 'url_agrofit': 'https://agrofit.agricultura.gov.br/agrofit_cons/!ap_praga_detalhe_cons?p_id_cultura_praga=6192'}, {'nome': 'Pessego', 'url_agrofit': 'https://agrofit.agricultura.gov.br/agrofit_cons/!ap_praga_detalhe_cons?p_id_cultura_praga=3435'}, {'nome': 'Maçã', 'url_agrofit': 'https://agrofit.agricultura.gov.br/agrofit_cons/!ap_praga_detalhe_cons?p_id_cultura_praga=3236'}, {'nome': 'Macadâmia', 'url_agrofit': 'https://agrofit.agricultura.gov.br/agrofit_cons/!ap_praga_detalhe_cons?p_id_cultura_praga=8316'}, {'nome': 'Carambola', 'url_agrofit': 'https://agrofit.agricultura.gov.br/agrofit_cons/!ap_praga_detalhe_cons?p_id_cultura_praga=8352'}, {'nome': 'Caju', 'url_agrofit': 'https://agrofit.agricultura.gov.br/agrofit_cons/!ap_praga_detalhe_cons?p_id_cultura_praga=8354'}, {'nome': 'Noz-pecã', 'url_agrofit': 'https://agrofit.agricultura.gov.br/agrofit_cons/!ap_praga_detalhe_cons?p_id_cultura_praga=8324'}, {'nome': 'Mangaba', 'url_agrofit': 'https://agrofit.agricultura.gov.br/agrofit_cons/!ap_praga_detalhe_cons?p_id_cultura_praga=6941'}, {'nome': 'Melancia', 'url_agrofit': 'https://agrofit.agricultura.gov.br/agrofit_cons/!ap_praga_detalhe_cons?p_id_cultura_praga=6799'}, {'nome': 'Uva', 'url_agrofit': 'https://agrofit.agricultura.gov.br/agrofit_cons/!ap_praga_detalhe_cons?p_id_cultura_praga=3736'}, {'nome': 'Cupuaçu', 'url_agrofit': 'https://agrofit.agricultura.gov.br/agrofit_cons/!ap_praga_detalhe_cons?p_id_cultura_praga=8305'}, {'nome': 'Goiaba', 'url_agrofit': 'https://agrofit.agricultura.gov.br/agrofit_cons/!ap_praga_detalhe_cons?p_id_cultura_praga=3185'}, {'nome': 'Nêspera', 'url_agrofit': 'https://agrofit.agricultura.gov.br/agrofit_cons/!ap_praga_detalhe_cons?p_id_cultura_praga=3553'}, {'nome': 'Citros', 'url_agrofit': 'https://agrofit.agricultura.gov.br/agrofit_cons/!ap_praga_detalhe_cons?p_id_cultura_praga=3129'}, {'nome': 'Mamão', 'url_agrofit': 'https://agrofit.agricultura.gov.br/agrofit_cons/!ap_praga_detalhe_cons?p_id_cultura_praga=6191'}, {'nome': 'Abacate', 'url_agrofit': 'https://agrofit.agricultura.gov.br/agrofit_cons/!ap_praga_detalhe_cons?p_id_cultura_praga=6187'}, {'nome': 'Marmelo', 'url_agrofit': 'https://agrofit.agricultura.gov.br/agrofit_cons/!ap_praga_detalhe_cons?p_id_cultura_praga=6080'}, {'nome': 'Kiwi', 'url_agrofit': 'https://agrofit.agricultura.gov.br/agrofit_cons/!ap_praga_detalhe_cons?p_id_cultura_praga=6190'}]"
Insetos,Anastrepha grandis,"['Mosca-das-frutas', 'Mosca das frutas', 'Moscas-das-frutas']","[{'nome': 'Pessego', 'url_agrofit': 'https://agrofit.agricultura.gov.br/agrofit_cons/!ap_praga_detalhe_cons?p_id_cultura_praga=8652'}, {'nome': 'Maçã', 'url_agrofit': 'https://agrofit.agricultura.gov.br/agrofit_cons/!ap_praga_detalhe_cons?p_id_cultura_praga=8651'}, {'nome': 'Melancia', 'url_agrofit': 'https://agrofit.agricultura.gov.br/agrofit_cons/!ap_praga_detalhe_cons?p_id_cultura_praga=3291'}, {'nome': 'Pepino', 'url_agrofit': 'https://agrofit.agricultura.gov.br/agrofit_cons/!ap_praga_detalhe_cons?p_id_cultura_praga=3252'}, {'nome': 'Citros', 'url_agrofit': 'https://agrofit.agricultura.gov.br/agrofit_cons/!ap_praga_detalhe_cons?p_id_cultura_praga=8650'}, {'nome': 'Melão', 'url_agrofit': 'https://agrofit.agricultura.gov.br/agrofit_cons/!ap_praga_detalhe_cons?p_id_cultura_praga=3220'}, {'nome': 'Abóbora', 'url_agrofit': 'https://agrofit.agricultura.gov.br/agrofit_cons/!ap_praga_detalhe_cons?p_id_cultura_praga=2424'}, {'nome': 'Maracujá', 'url_agrofit': 'https://agrofit.agricultura.gov.br/agrofit_cons/!ap_praga_detalhe_cons?p_id_cultura_praga=3251'}]"
Insetos,Anastrepha obliqua,"['Mosca - sul- americana', 'Mosca-das-frutas', 'Mosca - das indias- ocidentais', 'mosca-das-indias-ocidentais', 'Mosca das frutas']","[{'nome': 'Abacate', 'url_agrofit': 'https://agrofit.agricultura.gov.br/agrofit_cons/!ap_praga_detalhe_cons?p_id_cultura_praga=6194'}, {'nome': 'Citros', 'url_agrofit': 'https://agrofit.agricultura.gov.br/agrofit_cons/!ap_praga_detalhe_cons?p_id_cultura_praga=2912'}, {'nome': 'Pessego', 'url_agrofit': 'https://agrofit.agricultura.gov.br/agrofit_cons/!ap_praga_detalhe_cons?p_id_cultura_praga=3455'}, {'nome': 'Kiwi', 'url_agrofit': 'https://agrofit.agricultura.gov.br/agrofit_cons/!ap_praga_detalhe_cons?p_id_cultura_praga=6197'}, {'nome': 'Maracujá', 'url_agrofit': 'https://agrofit.agricultura.gov.br/agrofit_cons/!ap_praga_detalhe_cons?p_id_cultura_praga=6199'}, {'nome': 'Cacau', 'url_agrofit': 'https://agrofit.agricultura.gov.br/agrofit_cons/!ap_praga_detalhe_cons?p_id_cultura_praga=6196'}, {'nome': 'Romã', 'url_agrofit': 'https://agrofit.agricultura.gov.br/agrofit_cons/!ap_praga_detalhe_cons?p_id_cultura_praga=6200'}, {'nome': 'Pera', 'url_agrofit': 'https://agrofit.agricultura.gov.br/agrofit_cons/!ap_praga_detalhe_cons?p_id_cultura_praga=3619'}, {'nome': 'Manga', 'url_agrofit': 'https://agrofit.agricultura.gov.br/agrofit_cons/!ap_praga_detalhe_cons?p_id_cultura_praga=4992'}, {'nome': 'Abacaxi', 'url_agrofit': 'https://agrofit.agricultura.gov.br/agrofit_cons/!ap_praga_detalhe_cons?p_id_cultura_praga=8379'}, {'nome': 'Carambola', 'url_agrofit': 'https://agrofit.agricultura.gov.br/agrofit_cons/!ap_praga_detalhe_cons?p_id_cultura_praga=6486'}, {'nome': 'Anonáceas', 'url_agrofit': 'https://agrofit.agricultura.gov.br/agrofit_cons/!ap_praga_detalhe_cons?p_id_cultura_praga=6195'}, {'nome': 'Mamão', 'url_agrofit': 'https://agrofit.agricultura.gov.br/agrofit_cons/!ap_praga_detalhe_cons?p_id_cultura_praga=6198'}, {'nome': 'Maçã', 'url_agrofit': 'https://agrofit.agricultura.gov.br/agrofit_cons/!ap_praga_detalhe_cons?p_id_cultura_praga=4840'}]"
Insetos,Anastrepha pseudoparallela,['Mosca-das-frutas'],"[{'nome': 'Maracujá', 'url_agrofit': 'https://agrofit.agricultura.gov.br/agrofit_cons/!ap_praga_detalhe_cons?p_id_cultura_praga=3264'}, {'nome': 'Manga', 'url_agrofit': 'https://agrofit.agricultura.gov.br/agrofit_cons/!ap_praga_detalhe_cons?p_id_cultura_praga=3384'}]"
Insetos,Anastrepha spp.,"['Mosca-das-frutas', 'Mosca das frutas']","[{'nome': 'Manga', 'url_agrofit': 'https://agrofit.agricultura.gov.br/agrofit_cons/!ap_praga_detalhe_cons?p_id_cultura_praga=5442'}, {'nome': 'Pessego', 'url_agrofit': 'https://agrofit.agricultura.gov.br/agrofit_cons/!ap_praga_detalhe_cons?p_id_cultura_praga=3475'}, {'nome': 'Goiaba', 'url_agrofit': 'https://agrofit.agricultura.gov.br/agrofit_cons/!ap_praga_detalhe_cons?p_id_cultura_praga=5445'}, {'nome': 'Ameixa', 'url_agrofit': 'https://agrofit.agricultura.gov.br/agrofit_cons/!ap_praga_detalhe_cons?p_id_cultura_praga=2510'}, {'nome': 'Maçã', 'url_agrofit': 'https://agrofit.agricultura.gov.br/agrofit_cons/!ap_praga_detalhe_cons?p_id_cultura_praga=8104'}, {'nome': 'Uva', 'url_agrofit': 'https://agrofit.agricultura.gov.br/agrofit_cons/!ap_praga_detalhe_cons?p_id_cultura_praga=5444'}, {'nome': 'Acerola', 'url_agrofit': 'https://agrofit.agricultura.gov.br/agrofit_cons/!ap_praga_detalhe_cons?p_id_cultura_praga=5443'}, {'nome': 'Caqui', 'url_agrofit': 'https://agrofit.agricultura.gov.br/agrofit_cons/!ap_praga_detalhe_cons?p_id_cultura_praga=7213'}, {'nome': 'Todas as culturas', 'url_agrofit': 'https://agrofit.agricultura.gov.br/agrofit_cons/!ap_praga_detalhe_cons?p_id_cultura_praga=8085'}]"
Insetos,Anthistarcha binocularis,"['Broca-das-pontas', 'Broca-das-pontas-do-cajueiro']","[{'nome': 'Caju', 'url_agrofit': 'https://agrofit.agricultura.gov.br/agrofit_cons/!ap_praga_detalhe_cons?p_id_cultura_praga=2782'}]"
Insetos,Anthonomus flavus,['Bicudo'],"[{'nome': 'Acerola', 'url_agrofit': 'https://agrofit.agricultura.gov.br/agrofit_cons/!ap_praga_detalhe_cons?p_id_cultura_praga=2490'}]"
Insetos,Anthonomus grandis,['Bicudo'],"[{'nome': 'Algodão', 'url_agrofit': 'https://agrofit.agricultura.gov.br/agrofit_cons/!ap_praga_detalhe_cons?p_id_cultura_praga=2508'}, {'nome': 'Todas as culturas', 'url_agrofit': 'https://agrofit.agricultura.gov.br/agrofit_cons/!ap_praga_detalhe_cons?p_id_cultura_praga=7199'}]"
Insetos,Anticarsia gemmatalis,"['Lagarta-da-soja', 'Lagarta-desfolhadora', 'Lagarta da soja']","[{'nome': 'Lentilha', 'url_agrofit': 'https://agrofit.agricultura.gov.br/agrofit_cons/!ap_praga_detalhe_cons?p_id_cultura_praga=7475'}, {'nome': 'Soja OGM', 'url_agrofit': 'https://agrofit.agricultura.gov.br/agrofit_cons/!ap_praga_detalhe_cons?p_id_cultura_praga=5033'}, {'nome': 'Alfafa', 'url_agrofit': 'https://agrofit.agricultura.gov.br/agrofit_cons/!ap_praga_detalhe_cons?p_id_cultura_praga=2488'}, {'nome': 'Feijão-guandu', 'url_agrofit': 'https://agrofit.agricultura.gov.br/agrofit_cons/!ap_praga_detalhe_cons?p_id_cultura_praga=7765'}, {'nome': 'Repolho', 'url_agrofit': 'https://agrofit.agricultura.gov.br/agrofit_cons/!ap_praga_detalhe_cons?p_id_cultura_praga=6313'}, {'nome': 'Feijão', 'url_agrofit': 'https://agrofit.agricultura.gov.br/agrofit_cons/!ap_praga_detalhe_cons?p_id_cultura_praga=2996'}, {'nome': 'Soja', 'url_agrofit': 'https://agrofit.agricultura.gov.br/agrofit_cons/!ap_praga_detalhe_cons?p_id_cultura_praga=3472'}, {'nome': 'Ervilha', 'url_agrofit': 'https://agrofit.agricultura.gov.br/agrofit_cons/!ap_praga_detalhe_cons?p_id_cultura_praga=3128'}, {'nome': 'Feijão-vagem', 'url_agrofit': 'https://agrofit.agricultura.gov.br/agrofit_cons/!ap_praga_detalhe_cons?p_id_cultura_praga=3104'}, {'nome': 'Grão-de-bico', 'url_agrofit': 'https://agrofit.agricultura.gov.br/agrofit_cons/!ap_praga_detalhe_cons?p_id_cultura_praga=8355'}, {'nome': 'Todas as culturas', 'url_agrofit': 'https://agrofit.agricultura.gov.br/agrofit_cons/!ap_praga_detalhe_cons?p_id_cultura_praga=5888'}, {'nome': 'Girassol', 'url_agrofit': 'https://agrofit.agricultura.gov.br/agrofit_cons/!ap_praga_detalhe_cons?p_id_cultura_praga=7474'}, {'nome': 'Trigo-mourisco', 'url_agrofit': 'https://agrofit.agricultura.gov.br/agrofit_cons/!ap_praga_detalhe_cons?p_id_cultura_praga=8540'}, {'nome': 'Amendoim', 'url_agrofit': 'https://agrofit.agricultura.gov.br/agrofit_cons/!ap_praga_detalhe_cons?p_id_cultura_praga=2558'}, {'nome': 'Feijão-fava', 'url_agrofit': 'https://agrofit.agricultura.gov.br/agrofit_cons/!ap_praga_detalhe_cons?p_id_cultura_praga=7704'}, {'nome': 'Feijões', 'url_agrofit': 'https://agrofit.agricultura.gov.br/agrofit_cons/!ap_praga_detalhe_cons?p_id_cultura_praga=8230'}, {'nome': 'Feijão-mungo', 'url_agrofit': 'https://agrofit.agricultura.gov.br/agrofit_cons/!ap_praga_detalhe_cons?p_id_cultura_praga=7706'}, {'nome': 'Feijão-caupi', 'url_agrofit': 'https://agrofit.agricultura.gov.br/agrofit_cons/!ap_praga_detalhe_cons?p_id_cultura_praga=6301'}]"
